City_ID,City,Lat,Lng,Max Temp,Humidity,Cloudiness,Wind Speed,Country,Date
0,hasaki,35.7333,140.8333,4.220000000000027,52,100,5.26,JP,1675698098
1,broome,42.2506,-75.833,3.170000000000016,86,100,6.17,US,1675698098
2,chatakonda,17.55,80.65,24.230000000000018,34,15,1.01,IN,1675698099
3,omboue,-1.5746,9.2618,28.27000000000004,70,91,3.63,GA,1675698099
4,upington,-28.4478,21.2561,36.210000000000036,23,40,4.63,ZA,1675697994
5,severo-kurilsk,50.6789,156.125,-3.7999999999999545,78,91,6.41,RU,1675698099
6,kavieng,-2.5744,150.7967,27.32000000000005,78,100,4.8,PG,1675698100
7,torbay,47.6666,-52.7314,4.930000000000007,95,100,8.75,CA,1675698100
8,wanning,18.8003,110.3967,22.140000000000043,92,18,1.23,CN,1675698100
9,mwingi,-0.9344,38.0601,25.04000000000002,36,45,4.17,KE,1675698101
10,port alfred,-33.5906,26.891,25.100000000000023,85,6,3.58,ZA,1675698101
11,bluff,-46.6,168.3333,15.340000000000032,71,42,8.0,NZ,1675698102
12,beauceville,46.2179,-70.7787,-3.7799999999999727,86,91,2.06,CA,1675698102
13,northam,51.0333,-4.2167,10.140000000000043,75,29,1.74,GB,1675698102
14,asau,46.4333,26.4,-3.4899999999999523,92,98,2.98,RO,1675698103
15,lorengau,-2.0226,147.2712,26.57000000000005,82,99,2.9,PG,1675698103
16,alice springs,-23.7,133.8833,20.75,68,40,0.0,AU,1675698103
17,rikitea,-23.1203,-134.9692,25.610000000000014,73,16,2.17,PF,1675698104
18,punta arenas,-53.15,-70.9167,11.400000000000034,83,100,8.08,CL,1675698104
19,albany,42.6001,-73.9662,4.770000000000039,78,100,0.89,US,1675697775
20,albion,42.2431,-84.753,-0.9799999999999613,76,40,3.09,US,1675698104
21,san cristobal,7.7669,-72.225,26.100000000000023,53,84,3.51,VE,1675698105
22,port elizabeth,-33.918,25.5701,27.160000000000025,69,0,6.69,ZA,1675698105
23,roebourne,-20.7833,117.1333,30.58000000000004,63,0,4.61,AU,1675698105
24,isangel,-19.55,169.2667,26.340000000000032,84,100,2.11,VU,1675698106
25,cape town,-33.9258,18.4232,28.390000000000043,60,20,5.14,ZA,1675698016
26,maragogi,-9.0122,-35.2225,27.400000000000034,72,95,5.33,BR,1675698106
27,mataura,-46.1927,168.8643,15.420000000000016,56,2,4.08,NZ,1675698106
28,louis trichardt,-23.0439,29.9032,25.410000000000025,48,68,1.68,ZA,1675698107
29,hermanus,-34.4187,19.2345,27.670000000000016,70,48,7.16,ZA,1675698107
30,new norfolk,-42.7826,147.0587,13.730000000000018,66,94,0.89,AU,1675698107
31,bathsheba,13.2167,-59.5167,28.340000000000032,65,20,10.8,BB,1675698108
32,santa maria,-29.6842,-53.8069,29.610000000000014,48,40,2.06,BR,1675697635
33,airai,-8.9266,125.4092,15.720000000000027,94,100,1.02,TL,1675698108
34,bambous virieux,-20.3428,57.7575,27.340000000000032,83,75,3.09,MU,1675698108
35,barrow,71.2906,-156.7887,-20.98999999999998,77,100,4.12,US,1675698108
36,abha,18.2164,42.5053,18.900000000000034,52,0,2.06,SA,1675698109
37,saskylakh,71.9167,114.0833,-28.529999999999973,99,100,2.17,RU,1675698109
38,buala,-8.145,159.5921,25.480000000000018,87,100,3.21,SB,1675698109
39,abu kamal,34.4506,40.9171,14.920000000000016,28,24,8.7,SY,1675698110
40,kargil,34.5667,76.1,-15.919999999999959,84,96,2.18,IN,1675698110
41,show low,34.2542,-110.0298,2.7800000000000296,72,40,2.57,US,1675698110
42,kaitangata,-46.2817,169.8464,11.53000000000003,82,3,2.49,NZ,1675698111
43,vaini,-21.2,-175.2,23.090000000000032,94,40,0.0,TO,1675698111
44,ilulissat,69.2167,-51.1,-18.98999999999998,78,75,6.17,GL,1675698111
45,ancud,-41.8697,-73.8203,16.32000000000005,61,4,3.33,CL,1675698112
46,hilo,19.7297,-155.09,22.379999999999995,96,75,1.54,US,1675697783
47,ahipara,-35.1667,173.1667,17.200000000000045,91,14,3.07,NZ,1675698112
48,ribeira grande,38.5167,-28.7,15.990000000000009,72,40,13.38,PT,1675698113
49,yellowknife,62.456,-114.3525,-28.579999999999984,83,0,1.03,CA,1675698016
50,dingle,10.9995,122.6711,23.970000000000027,91,57,3.28,PH,1675698113
51,tessalit,20.1986,1.0114,32.22000000000003,9,24,3.07,ML,1675698113
52,anadyr,64.75,177.4833,-28.619999999999976,75,75,5.0,RU,1675698114
53,saint-philippe,-21.3585,55.7679,27.77000000000004,82,75,5.03,RE,1675698114
54,shorkot,31.9099,70.8774,15.54000000000002,56,8,3.15,PK,1675698114
55,trelew,-43.249,-65.3051,27.470000000000027,31,1,8.28,AR,1675698115
56,cockburn town,21.4612,-71.1419,26.980000000000018,65,40,6.17,TC,1675697855
57,kodiak,57.79,-152.4072,0.7300000000000182,64,0,2.57,US,1675698115
58,altay,47.8667,88.1167,-10.489999999999952,81,35,3.07,CN,1675698116
59,iguape,-24.7081,-47.5553,29.390000000000043,62,18,4.47,BR,1675698117
60,avarua,-21.2078,-159.775,27.03000000000003,89,40,4.63,CK,1675698117
61,hobart,-42.8794,147.3294,13.920000000000016,70,40,4.12,AU,1675697873
62,aborlan,9.4352,118.5492,27.04000000000002,90,54,2.03,PH,1675698118
63,sibolga,1.7427,98.7792,25.310000000000002,78,100,1.03,ID,1675698118
64,jamestown,42.097,-79.2353,-0.22999999999996135,96,100,5.14,US,1675697866
65,marshall,34.3834,-86.3333,13.550000000000011,55,0,1.54,US,1675697839
66,arraial do cabo,-22.9661,-42.0278,31.980000000000018,55,0,4.63,BR,1675698118
67,upernavik,72.7868,-56.1549,-23.68999999999997,93,100,4.64,GL,1675698119
68,busselton,-33.65,115.3333,18.600000000000023,86,18,5.91,AU,1675698119
69,ghugus,19.9333,79.1333,24.640000000000043,21,0,0.72,IN,1675698119
70,ushuaia,-54.8,-68.3,12.810000000000002,58,75,4.12,AR,1675698120
71,narsaq,60.9167,-46.05,-12.879999999999995,69,58,3.35,GL,1675698120
72,barinas,8.6226,-70.2075,31.58000000000004,37,86,3.65,VE,1675698120
73,thompson,55.7435,-97.8558,-8.909999999999968,92,100,1.54,CA,1675697923
74,san luis rio colorado,32.4631,-114.7767,11.610000000000014,54,0,6.45,MX,1675697924
75,mahebourg,-20.4081,57.7,27.360000000000014,83,75,3.09,MU,1675698121
76,kamaishi,39.2667,141.8833,2.990000000000009,86,99,2.56,JP,1675698121
77,okhotsk,59.3833,143.3,-23.379999999999967,80,98,4.93,RU,1675698121
78,hami,42.8,93.45,0.3100000000000023,42,98,1.67,CN,1675698122
79,lagoa,39.05,-27.9833,13.850000000000023,71,86,13.43,PT,1675698123
80,norman wells,65.282,-126.8329,-24.97999999999999,77,75,2.06,CA,1675698123
81,san quintin,30.4833,-115.95,12.82000000000005,70,52,9.11,MX,1675698124
82,cidreira,-30.1811,-50.2056,27.02000000000004,60,20,4.75,BR,1675698125
83,kalmunai,7.4167,81.8167,24.420000000000016,91,77,2.72,LK,1675698126
84,dong hoi,17.4833,106.6,21.689999999999998,96,75,2.86,VN,1675698127
85,sitka,57.0531,-135.33,1.9399999999999977,93,75,3.09,US,1675698128
86,hithadhoo,-0.6,73.0833,27.590000000000032,68,41,4.56,MV,1675698128
87,codrington,-38.2667,141.9667,13.660000000000025,87,6,2.68,AU,1675698129
88,ehingen,48.2826,9.7275,0.57000000000005,85,75,1.79,DE,1675698129
89,ormara,25.2088,64.6357,22.890000000000043,58,0,4.97,PK,1675698130
90,kununurra,-15.7667,128.7333,23.99000000000001,83,13,0.0,AU,1675698131
91,priladozhskiy,59.85,31.4833,-2.4799999999999613,1,98,2.81,RU,1675698131
92,bredasdorp,-34.5322,20.0403,23.560000000000002,77,85,6.76,ZA,1675698132
93,windhoek,-22.5594,17.0832,25.110000000000014,59,75,3.6,NA,1675698126
94,lebu,-37.6167,-73.65,18.25,71,4,7.79,CL,1675697888
95,dikson,73.5069,80.5464,-20.96999999999997,99,100,0.7,RU,1675698143
96,meulaboh,4.1363,96.1285,23.79000000000002,91,100,2.69,ID,1675698144
97,faya,18.3851,42.4509,19.060000000000002,57,47,2.84,SA,1675698144
98,puerto escondido,15.85,-97.0667,25.460000000000036,88,0,3.09,MX,1675697972
99,kropotkin,45.4375,40.5756,0.020000000000038654,64,100,8.6,RU,1675698036
100,atuona,-9.8,-139.0333,25.730000000000018,72,47,7.76,PF,1675698145
101,derzhavinsk,51.1,66.3167,-13.439999999999998,96,96,3.66,KZ,1675698145
102,khatanga,71.9667,102.5,-40.26999999999998,100,38,1.85,RU,1675698145
103,forestville,38.8451,-76.875,11.870000000000005,52,40,8.23,US,1675698146
104,ulladulla,-35.35,150.4667,19.140000000000043,94,100,2.63,AU,1675698146
105,dale city,38.6371,-77.3111,12.200000000000045,49,0,7.2,US,1675698146
106,aberystwyth,52.4155,-4.0829,8.270000000000039,77,46,2.54,GB,1675698147
107,baruun-urt,46.6806,113.2792,-19.879999999999967,86,100,1.34,MN,1675698147
108,acapulco,16.8634,-99.8901,24.900000000000034,78,0,1.54,MX,1675697877
109,havelock,34.8791,-76.9013,13.32000000000005,68,0,7.72,US,1675698147
110,longyearbyen,78.2186,15.6401,-0.08999999999997499,100,100,11.83,SJ,1675698148
111,calabozo,8.9242,-67.4293,32.03000000000003,37,85,4.64,VE,1675698148
112,lavrentiya,65.5833,-171.0,-28.029999999999973,91,49,2.51,RU,1675698148
113,kachiry,53.0675,76.1036,-21.379999999999967,100,84,2.27,KZ,1675698149
114,fort nelson,58.8053,-122.7002,-16.139999999999986,89,100,1.03,CA,1675698149
115,shihezi,44.3,86.0333,-8.5,91,100,1.34,CN,1675698149
116,saldanha,-33.0117,17.9442,27.03000000000003,86,47,6.19,ZA,1675698150
117,sangar,63.9242,127.4739,-46.059999999999974,100,75,0.67,RU,1675698150
118,flin flon,54.7682,-101.865,-2.089999999999975,86,100,5.14,CA,1675698150
119,genc,38.7507,40.5603,4.2000000000000455,75,100,3.6,TR,1675698151
120,bethel,41.3712,-73.414,9.450000000000045,59,0,2.57,US,1675698151
121,baiyin,36.5583,104.2081,-1.599999999999966,37,12,1.32,CN,1675698151
122,rio grande,-32.035,-52.0986,33.06,54,0,3.4,BR,1675698152
123,karratha,-20.7377,116.8463,30.670000000000016,62,0,4.61,AU,1675698152
124,castro,-24.7911,-50.0119,25.439999999999998,51,59,2.98,BR,1675698152
125,gat,31.61,34.7642,12.660000000000025,8,100,10.47,IL,1675697881
126,acari,-15.4311,-74.6158,26.620000000000005,76,79,3.91,PE,1675698153
127,catio,11.2833,-15.25,35.23000000000002,16,70,1.88,GW,1675698153
128,lively,46.4334,-81.1498,-13.319999999999993,81,7,1.24,CA,1675698154
129,krapivinskiy,54.9992,86.8133,-21.639999999999986,100,93,1.19,RU,1675698154
130,guerrero negro,27.9769,-114.0611,14.800000000000011,69,68,10.49,MX,1675698145
131,dudinka,69.4058,86.1778,-21.71999999999997,99,99,2.66,RU,1675698154
132,pochutla,15.7432,-96.4661,26.900000000000034,47,0,2.21,MX,1675698155
133,ponta do sol,32.6667,-17.1,18.400000000000034,45,5,2.98,PT,1675698155
134,mossendjo,-2.9506,12.7261,27.07000000000005,67,28,1.87,CG,1675698155
135,tiksi,71.6872,128.8694,-34.619999999999976,100,88,2.21,RU,1675698155
136,kahramanmaras,38.0,37.0,-1.2099999999999795,95,100,3.05,TR,1675698156
137,cordele,31.9635,-83.7824,17.470000000000027,62,0,2.06,US,1675698156
138,palmer,42.1584,-72.3287,9.060000000000002,61,100,0.89,US,1675698156
139,provideniya,64.3833,-173.3,-22.45999999999998,97,76,0.86,RU,1675698157
140,chuy,-33.6971,-53.4616,29.379999999999995,38,31,1.6,UY,1675698157
141,qaqortoq,60.7167,-46.0333,-15.599999999999966,70,84,2.89,GL,1675698157
142,kapaa,22.0752,-159.319,21.170000000000016,94,16,5.77,US,1675698158
143,saint george,37.1041,-113.5841,-0.6699999999999591,100,0,1.54,US,1675697801
144,praya,14.9215,-23.5087,24.30000000000001,43,75,12.35,CV,1675698158
145,tabou,4.423,-7.3528,28.430000000000007,70,84,4.78,CI,1675698158
146,do gonbadan,30.3586,50.7981,13.050000000000011,54,75,5.14,IR,1675698159
147,tasiilaq,65.6145,-37.6368,-8.909999999999968,97,84,1.59,GL,1675698159
148,puerto ayora,-0.7393,-90.3518,28.980000000000018,91,58,4.02,EC,1675698159
149,makakilo city,21.3469,-158.0858,23.180000000000007,76,100,5.14,US,1675697875
150,lady frere,-31.7031,27.2329,22.74000000000001,69,92,1.89,ZA,1675698160
151,anchorage,61.2181,-149.9003,-0.5099999999999909,86,100,4.12,US,1675697555
152,general jose eduvigis diaz,-27.1667,-58.4167,35.02000000000004,18,26,2.64,PY,1675698160
153,naze,28.3667,129.4833,18.510000000000048,88,74,6.92,JP,1675698160
154,cayenne,4.9333,-52.3333,28.02000000000004,74,75,6.69,GF,1675698161
155,qaanaaq,77.484,-69.3632,-26.00999999999999,98,99,2.49,GL,1675698161
156,georgetown,5.4112,100.3354,24.960000000000036,94,20,0.51,MY,1675698162
157,dalvik,65.9702,-18.5286,1.9600000000000364,73,49,6.85,IS,1675698162
158,manokwari,-0.8667,134.0833,25.08000000000004,88,100,4.19,ID,1675698162
159,gornoye loo,43.7129,39.6049,7.8799999999999955,81,100,1.21,RU,1675698163
160,banikoara,11.2985,2.4386,36.77000000000004,8,100,3.46,BJ,1675698163
161,finschhafen,-6.6024,147.8681,26.810000000000002,84,100,3.61,PG,1675698163
162,maceio,-9.6658,-35.7353,26.689999999999998,94,75,2.57,BR,1675698164
163,nikolayevsk-na-amure,53.1406,140.73,-25.47999999999999,100,62,1.38,RU,1675698164
164,umm kaddadah,13.6017,26.6876,27.370000000000005,9,100,5.97,SD,1675698164
165,esperance,-33.8667,121.9,25.090000000000032,44,53,6.34,AU,1675698165
166,kudahuvadhoo,2.6708,72.8944,27.30000000000001,75,100,3.24,MV,1675698165
167,iqaluit,63.7506,-68.5145,-31.839999999999975,67,40,5.14,CA,1675698165
168,rio gallegos,-51.6226,-69.2181,19.03000000000003,34,40,7.72,AR,1675698166
169,gushikawa,26.3544,127.8686,20.57000000000005,95,20,2.57,JP,1675698166
170,ishigaki,24.3448,124.1572,20.07000000000005,88,100,1.03,JP,1675698166
171,mar del plata,-38.0023,-57.5575,26.57000000000005,61,0,7.2,AR,1675698027
172,sungaipenuh,-2.0833,101.3833,18.390000000000043,82,100,0.74,ID,1675698167
173,zinder,13.8072,8.9881,32.98000000000002,11,91,5.14,NE,1675698167
174,mandan,46.8267,-100.8896,2.980000000000018,84,20,5.66,US,1675698167
175,biaora,23.8667,76.9167,20.710000000000036,28,0,2.1,IN,1675698168
176,sur,22.5667,59.5289,22.05000000000001,64,51,0.41,OM,1675698168
177,ambulu,-8.345,113.6058,24.460000000000036,88,100,2.28,ID,1675698168
178,bang saphan,11.2126,99.5117,23.74000000000001,90,50,1.59,TH,1675698169
179,port lincoln,-34.7333,135.8667,16.75,83,0,6.81,AU,1675698169
180,ukiah,39.1502,-123.2078,5.010000000000048,95,0,0.0,US,1675698169
181,rocha,-34.4833,-54.3333,31.160000000000025,30,73,5.08,UY,1675698170
182,taoudenni,22.6783,-3.9836,24.970000000000027,13,100,3.26,ML,1675698170
183,domoni,-12.2569,44.5319,26.510000000000048,84,100,2.76,KM,1675698170
184,yulara,-25.2406,130.9889,24.640000000000043,17,0,3.87,AU,1675697911
185,kampong thum,12.7111,104.8887,25.960000000000036,63,0,1.78,KH,1675698171
186,mount isa,-20.7333,139.5,24.870000000000005,100,40,1.54,AU,1675698171
187,junction city,39.0286,-96.8314,10.78000000000003,77,0,7.72,US,1675697900
188,bandarbeyla,9.4942,50.8122,24.400000000000034,76,73,7.62,SO,1675698171
189,chokurdakh,70.6333,147.9167,-31.629999999999967,98,100,2.48,RU,1675698172
190,ust-tsilma,65.441,52.1498,-23.059999999999974,100,96,1.53,RU,1675698172
191,marrakesh,31.6315,-8.0083,20.04000000000002,22,20,2.57,MA,1675698172
192,sterling,39.0062,-77.4286,11.560000000000002,56,75,8.75,US,1675698105
193,wahpeton,46.2652,-96.6059,0.5200000000000387,86,0,6.69,US,1675698173
194,mattru,7.6244,-11.8332,36.129999999999995,30,73,2.01,SL,1675698173
195,zeya,53.75,127.2667,-23.629999999999967,96,100,1.64,RU,1675698173
196,wichian buri,15.6578,101.106,29.400000000000034,53,44,0.98,TH,1675698174
197,hurghada,27.2574,33.8129,21.02000000000004,18,0,7.2,EG,1675698174
198,sinfra,6.6167,-5.9167,37.23000000000002,22,84,1.39,CI,1675698175
199,rundu,-17.9333,19.7667,20.850000000000023,89,100,3.0,NA,1675698175
200,orsha,54.5153,30.4053,-3.2999999999999545,96,100,3.87,BY,1675698175
201,sorong,-0.8833,131.25,25.760000000000048,84,100,3.19,ID,1675698176
202,galesong,-5.3166,119.3661,24.010000000000048,80,98,3.05,ID,1675698176
203,ushtobe,45.2514,77.9838,-2.759999999999991,96,94,1.45,KZ,1675698176
204,newport,51.5877,-2.9984,10.010000000000048,78,83,0.8,GB,1675697930
205,san-pedro,4.7485,-6.6363,28.420000000000016,70,94,4.72,CI,1675698177
206,san patricio,28.017,-97.5169,21.150000000000034,69,3,7.6,US,1675698177
207,cedar city,37.6775,-113.0619,-4.4599999999999795,86,100,2.06,US,1675697604
208,tuatapere,-46.1333,167.6833,15.230000000000018,72,75,3.89,NZ,1675698177
209,ambilobe,-13.2,49.05,23.870000000000005,92,100,0.67,MG,1675698178
210,richards bay,-28.783,32.0377,26.30000000000001,74,10,2.63,ZA,1675698178
211,matara,5.9485,80.5353,24.33000000000004,88,100,1.54,LK,1675698178
212,kidal,18.4411,1.4078,33.77000000000004,8,42,3.22,ML,1675698179
213,beatrice,40.2681,-96.747,7.8799999999999955,76,0,5.14,US,1675698179
214,kondinskoye,59.6481,67.41,-11.389999999999986,97,100,1.31,RU,1675698179
215,lata,40.1629,-8.3327,17.260000000000048,41,2,3.8,PT,1675698180
216,keene,42.9337,-72.2781,7.8700000000000045,66,0,0.45,US,1675698086
217,lozuvatka,48.0571,33.2858,-2.2399999999999523,85,100,6.74,UA,1675698180
218,leningradskiy,69.3833,178.4167,-33.559999999999974,99,100,3.02,RU,1675698180
219,lodwar,3.1191,35.5973,33.29000000000002,15,58,3.99,KE,1675698181
220,hofn,64.2539,-15.2082,4.010000000000048,75,40,9.26,IS,1675698181
221,odesskoye,54.2111,72.9651,-22.00999999999999,100,83,1.22,RU,1675698182
222,noumea,-22.2763,166.4572,23.99000000000001,87,86,4.98,NC,1675698183
223,sinnamary,5.3833,-52.95,26.05000000000001,86,86,5.44,GF,1675698184
224,bengkulu,-3.8004,102.2655,24.53000000000003,87,100,3.01,ID,1675698184
225,wynyard,-41.0,145.7167,13.879999999999995,73,34,4.13,AU,1675698185
226,byron bay,-28.65,153.6167,19.970000000000027,77,100,1.7,AU,1675697822
227,yurginskoye,56.8189,67.3921,-17.17999999999998,100,100,0.8,RU,1675698187
228,port moresby,-9.4431,147.1797,23.680000000000007,100,75,2.57,PG,1675698144
229,palu,-0.8917,119.8707,23.910000000000025,95,90,0.86,ID,1675698188
230,polis,35.0367,32.4264,8.900000000000034,92,99,9.54,CY,1675698189
231,vostok,46.4856,135.8833,-21.829999999999984,99,100,2.24,RU,1675698190
232,nikolskoye,59.7035,30.7861,-1.0600000000000023,96,99,2.43,RU,1675698191
233,kavaratti,10.5669,72.642,27.24000000000001,73,4,6.0,IN,1675698192
234,kholodnyy,62.7167,147.95,-38.66999999999999,100,97,1.38,RU,1675698192
235,lasa,46.6166,10.7002,4.490000000000009,92,31,2.45,IT,1675698193
236,evensk,61.95,159.2333,-28.99999999999997,76,19,4.59,RU,1675698194
237,vlakhiotis,36.8667,22.7,4.010000000000048,69,82,6.14,GR,1675698195
238,quatre cocos,-20.2078,57.7625,27.27000000000004,80,87,5.57,MU,1675698196
239,pascagoula,30.3658,-88.5561,17.5,70,0,2.06,US,1675698196
240,great yarmouth,52.6083,1.7305,8.580000000000041,68,13,2.35,GB,1675698197
241,kibaya,-5.3,36.5667,16.79000000000002,88,97,1.94,TZ,1675698198
242,sola,-13.8833,167.55,27.32000000000005,73,92,2.77,VU,1675698198
243,berezovka,53.7214,25.4993,-1.3599999999999568,84,99,3.5,BY,1675698200
244,kungurtug,50.5994,97.5228,-23.45999999999998,100,83,1.01,RU,1675698200
245,kahului,20.8947,-156.47,23.80000000000001,84,0,4.47,US,1675697874
246,mount gambier,-37.8333,140.7667,12.200000000000045,93,5,2.1,AU,1675698202
247,petropavlovsk-kamchatskiy,53.0452,158.6483,-14.669999999999959,72,75,3.0,RU,1675698202
248,walvis bay,-22.9575,14.5053,21.53000000000003,68,40,4.12,NA,1675698188
249,grand-santi,4.25,-54.3833,27.200000000000045,80,75,2.18,GF,1675698203
250,katsuura,35.1333,140.3,10.660000000000025,60,100,2.18,JP,1675698203
251,aklavik,68.2191,-135.0107,-35.99999999999997,75,100,0.0,CA,1675698204
252,viedma,-40.8135,-62.9967,26.350000000000023,28,0,8.5,AR,1675698049
253,barcelos,41.5388,-8.6151,17.180000000000007,47,0,0.46,PT,1675698204
254,kenai,60.5544,-151.2583,-0.9699999999999704,69,100,8.75,US,1675698205
255,hovd,48.0056,91.6419,-16.139999999999986,87,12,1.6,MN,1675698205
256,pangnirtung,66.1451,-65.7125,-34.99999999999997,68,20,1.54,CA,1675698205
257,alofi,-19.0595,-169.9187,22.939999999999998,100,100,2.57,NU,1675698206
258,bondo,3.8146,23.6866,32.660000000000025,23,52,1.0,CD,1675698206
259,nanortalik,60.1432,-45.2371,-9.509999999999991,83,100,3.26,GL,1675698207
260,atar,20.5169,-13.0499,25.03000000000003,16,5,5.14,MR,1675698207
261,pevek,69.7008,170.3133,-38.069999999999965,100,98,1.65,RU,1675698208
262,snasa,64.2457,12.3778,5.670000000000016,92,100,2.51,NO,1675698208
263,siraha,26.6541,86.2087,16.220000000000027,48,0,1.99,NP,1675698208
264,chimbote,-9.0853,-78.5783,23.200000000000045,76,86,2.38,PE,1675698209
265,fairbanks,64.8378,-147.7164,-18.99999999999997,88,75,2.57,US,1675697816
266,la ronge,55.1001,-105.2842,-7.859999999999957,73,100,11.83,CA,1675698209
267,labuhan,-6.8844,112.2051,24.090000000000032,90,100,2.72,ID,1675698210
268,cabo san lucas,22.8909,-109.9124,20.840000000000032,60,0,0.0,MX,1675698164
269,bilibino,68.0546,166.4372,-36.42999999999998,100,100,0.61,RU,1675698211
270,umba,66.6871,34.3429,-15.859999999999957,98,97,0.73,RU,1675698211
271,baikunthpur,23.25,82.55,18.04000000000002,29,0,2.8,IN,1675698211
272,hirado,33.3597,129.5531,6.330000000000041,92,100,8.14,JP,1675698212
273,aranos,-24.1333,19.1167,26.03000000000003,53,99,8.84,NA,1675698212
274,samarai,-10.6167,150.6667,25.450000000000045,90,100,4.71,PG,1675698212
275,avera,33.194,-82.5271,14.75,50,0,2.91,US,1675698213
276,santa maria del oro,25.9333,-105.3667,16.480000000000018,26,55,1.69,MX,1675698213
277,bubaque,11.2833,-15.8333,25.03000000000003,60,15,7.63,GW,1675698213
278,kristiansund,63.1115,7.732,10.360000000000014,57,75,4.63,NO,1675698214
279,nishihara,26.1842,127.7558,20.600000000000023,94,100,3.09,JP,1675698214
280,talnakh,69.4865,88.3972,-19.579999999999984,99,100,2.28,RU,1675698214
281,cherskiy,68.75,161.3,-38.43999999999997,100,100,2.56,RU,1675698215
282,deputatskiy,69.3,139.9,-32.579999999999984,97,100,1.79,RU,1675698215
283,ayan,56.45,138.1667,-25.98999999999998,80,45,3.99,RU,1675698215
284,half moon bay,37.4636,-122.4286,8.510000000000048,89,0,2.06,US,1675698216
285,vilyuysk,63.7553,121.6247,-38.74999999999997,100,98,0.83,RU,1675698216
286,el porvenir,13.7617,-87.3458,23.629999999999995,32,3,3.45,HN,1675698216
287,chardara,41.2547,67.9692,2.7600000000000477,72,86,3.04,KZ,1675698217
288,carnarvon,-24.8667,113.6333,24.600000000000023,73,0,9.48,AU,1675698217
289,tautira,-17.7333,-149.15,26.74000000000001,78,26,7.12,PF,1675698217
290,bonfim,3.0833,-59.95,26.970000000000027,66,99,2.51,BR,1675698218
291,haukipudas,65.1765,25.3523,-2.9699999999999704,86,100,5.0,FI,1675698218
292,lekoni,-1.5843,14.2591,26.5,59,89,3.25,GA,1675698218
293,kholm-zhirkovskiy,55.5189,33.4731,-6.759999999999991,98,100,2.06,RU,1675698219
294,bonanza,14.0289,-84.591,26.410000000000025,60,75,2.8,NI,1675698219
295,mogadouro,41.3403,-6.7119,11.25,45,1,7.25,PT,1675698219
296,kruisfontein,-34.0033,24.7314,22.680000000000007,86,46,5.9,ZA,1675698220
297,saint pete beach,27.7253,-82.7412,23.470000000000027,56,30,2.68,US,1675698220
298,tuktoyaktuk,69.4541,-133.0374,-42.99999999999997,66,0,1.03,CA,1675698220
299,odoyev,53.9393,36.6864,-6.46999999999997,87,100,1.74,RU,1675698221
300,nome,64.5011,-165.4064,-11.95999999999998,67,0,6.17,US,1675698221
301,waitati,-45.75,170.5667,15.450000000000045,88,98,2.03,NZ,1675698221
302,khandyga,62.6667,135.6,-38.319999999999965,100,100,0.24,RU,1675698221
303,zhigansk,66.7697,123.3711,-47.829999999999984,100,71,0.46,RU,1675698222
304,tual,-5.6667,132.75,27.090000000000032,81,100,5.49,ID,1675698222
305,balakhninskiy,58.0106,114.2769,-20.50999999999999,99,100,1.35,RU,1675698222
306,belmonte,-15.8631,-38.8828,30.090000000000032,59,0,4.61,BR,1675698223
307,llangefni,53.2556,-4.3106,8.700000000000045,76,75,8.23,GB,1675698223
308,dhidhdhoo,6.8833,73.1,27.350000000000023,74,75,3.46,MV,1675698223
309,phalodi,27.1333,72.3667,21.100000000000023,23,0,3.94,IN,1675698224
310,laguna,38.421,-121.4238,6.189999999999998,93,0,2.57,US,1675698220
311,saint-louis,16.3333,-15.0,30.80000000000001,10,14,5.22,SN,1675698224
312,marzuq,14.4,46.4667,20.090000000000032,49,87,3.55,YE,1675698224
313,griffith,41.5284,-87.4237,1.7200000000000273,78,0,4.12,US,1675698081
314,faanui,-16.4833,-151.75,27.30000000000001,75,2,7.25,PF,1675698225
315,sergeyevka,53.88,67.4158,-11.799999999999955,96,100,2.2,KZ,1675698225
316,la grande,45.3246,-118.0877,0.5900000000000318,92,76,1.25,US,1675698225
317,clyde river,70.4692,-68.5914,-32.869999999999976,75,20,2.57,CA,1675698226
318,port augusta,-32.5,137.7667,22.650000000000034,52,0,3.72,AU,1675698226
319,benguela,-12.5763,13.4055,27.210000000000036,68,76,4.1,AO,1675697965
320,kiria,41.1,24.2833,5.260000000000048,45,39,2.48,GR,1675698226
321,rovaniemi,66.5,25.7167,-6.329999999999984,93,0,5.14,FI,1675698227
322,raudeberg,61.9875,5.1352,7.150000000000034,74,100,9.49,NO,1675698227
323,olafsvik,64.8945,-23.7142,1.2100000000000364,60,100,15.93,IS,1675698227
324,palana,59.1167,159.9667,-26.769999999999982,99,98,3.21,RU,1675698228
325,zhezkazgan,47.8043,67.7144,-18.089999999999975,99,10,2.84,KZ,1675698228
326,baker city,44.7749,-117.8344,0.8400000000000318,75,75,2.06,US,1675698015
327,zomba,-15.386,35.3188,20.30000000000001,92,49,0.8,MW,1675698228
328,kaeo,-35.1,173.7833,16.29000000000002,94,20,2.03,NZ,1675698229
329,puerto del rosario,28.5004,-13.8627,19.860000000000014,56,40,3.6,ES,1675698229
330,east london,-33.0153,27.9116,28.52000000000004,69,0,6.17,ZA,1675698229
331,sao joao da barra,-21.6403,-41.0511,33.05000000000001,74,61,2.35,BR,1675698230
332,eyl,7.9803,49.8164,24.710000000000036,69,72,8.29,SO,1675698231
333,el roble,9.1019,-75.1951,31.49000000000001,51,94,1.27,CO,1675698231
334,escarcega,18.6089,-90.7454,21.360000000000014,87,100,1.99,MX,1675698119
335,santiago de cao,-7.9589,-79.2392,23.07000000000005,78,83,3.6,PE,1675698232
336,gaozhou,21.9392,110.8461,20.420000000000016,85,100,1.88,CN,1675698232
337,berdigestyakh,62.0989,126.6992,-44.67999999999998,100,96,0.95,RU,1675698232
338,menongue,-14.6585,17.691,22.180000000000007,67,100,1.9,AO,1675698233
339,shingu,33.7333,135.9833,8.840000000000032,58,100,1.52,JP,1675698233
340,millington,35.3415,-89.8973,13.520000000000039,90,47,0.45,US,1675698233
341,dawson creek,55.7666,-120.2362,1.8000000000000114,64,20,4.63,CA,1675698234
342,zlobin,45.2924,14.6541,-1.7799999999999727,40,0,7.2,HR,1675698234
343,matadi,-5.8167,13.45,31.28000000000003,58,73,1.3,CD,1675698235
344,valdemarpils,57.3707,22.5919,-1.2999999999999545,95,28,2.24,LV,1675698235
345,subang,-7.1277,108.5283,23.07000000000005,88,98,0.65,ID,1675698235
346,vakhrushev,48.9833,142.9667,-20.769999999999982,95,12,1.84,RU,1675698236
347,portland,45.5234,-122.6762,6.720000000000027,90,100,3.13,US,1675697829
348,hun,29.1268,15.9477,15.110000000000014,34,13,3.86,LY,1675698236
349,souillac,-20.5167,57.5167,27.210000000000036,83,75,3.09,MU,1675698236
350,victoria,22.2855,114.1577,20.53000000000003,89,77,2.68,HK,1675698235
351,hwange,-18.3693,26.5019,27.58000000000004,65,89,1.22,ZW,1675698237
352,pacific grove,36.6177,-121.9166,7.050000000000011,95,0,0.89,US,1675698237
353,vila velha,-20.3297,-40.2925,31.970000000000027,73,0,8.23,BR,1675698178
354,mulchen,-37.7167,-72.2333,29.0,24,0,4.33,CL,1675697997
355,toccoa,34.5773,-83.3324,14.03000000000003,44,0,2.57,US,1675698237
356,chumikan,54.7183,135.315,-25.94999999999999,92,50,3.04,RU,1675698238
357,khani,41.9563,42.9566,3.7600000000000477,68,100,3.35,GE,1675698238
358,pokosnoye,55.5258,101.0536,-17.919999999999987,100,100,1.65,RU,1675698238
359,tekeli,44.83,78.8239,-6.689999999999998,60,93,4.31,KZ,1675698239
360,butaritari,3.0707,172.7902,26.650000000000034,82,100,7.99,KI,1675698239
361,petersburg,37.2279,-77.4019,13.510000000000048,50,75,4.63,US,1675698239
362,tevaitoa,-16.7833,-151.5,27.170000000000016,76,8,6.76,PF,1675698240
363,birao,10.2849,22.7882,34.78000000000003,8,14,2.51,CF,1675698240
364,bangkalan,-7.0455,112.7351,24.970000000000027,89,94,1.24,ID,1675698240
365,planaltina,-15.4528,-47.6142,27.939999999999998,49,91,2.15,BR,1675697991
366,trairi,-3.2778,-39.2689,28.99000000000001,68,89,4.16,BR,1675698004
367,bayir,37.2687,28.2167,3.2900000000000205,81,100,5.14,TR,1675698241
368,remontnoye,46.5614,43.6501,-2.7999999999999545,69,100,6.99,RU,1675698241
369,maldonado,-34.6667,-54.9167,30.660000000000025,30,63,5.33,UY,1675698241
370,lazaro cardenas,17.9583,-102.2,26.700000000000045,53,4,0.6,MX,1675698242
371,mahibadhoo,3.7833,72.9667,27.420000000000016,75,100,5.61,MV,1675698242
372,arroio grande,-32.2375,-53.0869,31.02000000000004,30,0,3.07,BR,1675698242
373,aksu,41.1231,80.2644,-3.0399999999999636,80,100,0.36,CN,1675698243
374,ust-nera,64.5667,143.2,-39.22999999999999,100,100,0.56,RU,1675698243
375,kamsack,51.5667,-101.9009,-5.189999999999998,95,81,5.29,CA,1675698243
376,svobodnyy,51.4,128.1333,-24.67999999999998,99,94,2.38,RU,1675698244
377,ostrovnoy,68.0531,39.5131,-5.789999999999964,94,85,4.98,RU,1675698244
378,nuevo ideal,24.8875,-105.0728,16.27000000000004,27,5,1.51,MX,1675698245
379,flinders,-34.5833,150.8552,22.879999999999995,86,100,0.89,AU,1675698245
380,darnah,32.767,22.6367,10.879999999999995,71,97,11.88,LY,1675698245
381,luanda,-8.8368,13.2343,29.0,70,75,6.17,AO,1675698246
382,mecca,21.4267,39.8261,23.980000000000018,66,54,4.98,SA,1675698246
383,henties bay,-22.116,14.2845,19.350000000000023,81,99,4.11,NA,1675698246
384,ixtapa,20.7,-105.2,16.57000000000005,77,0,4.12,MX,1675698155
385,olenino,56.2092,33.4889,-6.039999999999964,97,100,1.71,RU,1675698247
386,canutama,-6.5339,-64.3831,27.660000000000025,80,100,0.99,BR,1675698247
387,teguldet,57.3064,88.1667,-19.779999999999973,100,100,2.07,RU,1675698248
388,tselinnoye,53.0833,85.6667,-7.839999999999975,95,100,2.21,RU,1675698248
389,najran,17.4924,44.1277,30.360000000000014,18,38,2.45,SA,1675698248
390,port said,31.2565,32.2841,11.990000000000009,87,40,8.23,EG,1675698249
391,pisco,-13.7,-76.2167,25.03000000000003,78,0,3.09,PE,1675698249
392,buckeye,33.3703,-112.5838,13.25,48,0,0.0,US,1675698149
393,yar-sale,66.8333,70.8333,-28.659999999999968,100,100,1.9,RU,1675698250
394,macae,-22.3708,-41.7869,28.860000000000014,79,0,3.6,BR,1675698250
395,okotoks,50.7289,-113.9828,-5.939999999999998,80,45,0.45,CA,1675698059
396,aksarka,66.5606,67.7975,-28.079999999999984,100,51,1.9,RU,1675698251
397,hirara,24.8,125.2833,21.28000000000003,82,100,5.76,JP,1675698251
398,ateptsevo,55.3236,36.75,-5.769999999999982,96,37,1.27,RU,1675698251
399,geraldton,-28.7667,114.6,21.230000000000018,73,100,4.63,AU,1675698251
400,teguise,29.0605,-13.564,16.120000000000005,68,40,3.6,ES,1675698252
401,santa lucia,27.9117,-15.5407,15.620000000000005,52,40,7.2,ES,1675698128
402,shaunavon,49.6501,-108.4181,-4.1200000000000045,84,9,8.53,CA,1675698253
403,matveyevka,52.15,56.1833,-18.73999999999998,100,49,1.0,RU,1675698253
404,srednekolymsk,67.45,153.6833,-37.26999999999998,100,97,2.51,RU,1675698253
405,uitenhage,-33.7576,25.3971,26.77000000000004,64,29,4.82,ZA,1675698254
406,puerto colombia,10.9878,-74.9547,29.05000000000001,75,32,7.3,CO,1675698254
407,klaksvik,62.2266,-6.589,8.510000000000048,90,100,17.09,FO,1675698255
408,labrea,-7.2586,-64.7981,25.060000000000002,89,100,0.76,BR,1675698255
409,biak,-0.9131,122.8766,24.710000000000036,81,100,1.71,ID,1675698255
410,alta floresta,-9.8756,-56.0861,25.900000000000034,89,40,1.54,BR,1675698259
411,lashma,54.9321,41.1438,-7.560000000000002,94,99,1.3,RU,1675698259
412,amapa,1.0,-52.0,27.120000000000005,81,84,1.44,BR,1675698260
413,rawson,-43.3002,-65.1023,25.420000000000016,38,1,8.67,AR,1675698117
414,namibe,-15.1961,12.1522,23.189999999999998,74,69,5.95,AO,1675698260
415,aginskoye,51.1,114.53,-17.42999999999998,93,48,3.13,RU,1675698260
416,rodrigues alves,-7.738,-72.6509,26.110000000000014,95,100,0.36,BR,1675698261
417,boa vista,2.8197,-60.6733,26.99000000000001,65,75,6.69,BR,1675698261
418,swift current,50.2834,-107.8014,-3.5499999999999545,86,0,7.2,CA,1675698261
419,hamilton,39.1834,-84.5333,3.1100000000000136,75,100,3.09,US,1675698092
420,stokmarknes,68.5646,14.9108,6.990000000000009,81,100,11.32,NO,1675698262
421,aykhal,66.0,111.5,-36.589999999999975,100,92,1.58,RU,1675698262
422,koulamoutou,-1.1303,12.4736,31.210000000000036,53,77,0.7,GA,1675698262
423,tiarei,-17.5333,-149.3333,25.010000000000048,77,7,7.7,PF,1675698263
424,otane,-39.8833,176.6333,18.890000000000043,86,19,1.03,NZ,1675698263
425,broken hill,-31.95,141.4333,23.260000000000048,30,2,4.35,AU,1675698263
426,the valley,18.217,-63.0578,27.680000000000007,69,20,8.75,AI,1675698264
427,maizuru,35.45,135.3333,4.350000000000023,82,100,1.06,JP,1675698264
428,nouadhibou,20.931,-17.0347,23.99000000000001,19,0,8.75,MR,1675698264
429,pimentel,-6.8367,-79.9342,27.160000000000025,65,0,2.06,PE,1675698265
430,rincon,32.296,-81.2354,15.510000000000048,61,0,3.6,US,1675698265
431,duzce,40.8389,31.1639,2.8100000000000023,97,100,5.85,TR,1675698265
432,podolinec,49.2587,20.536,-7.1299999999999955,97,98,1.45,SK,1675698266
433,mutare,-18.9707,32.6709,23.340000000000032,64,59,2.62,ZW,1675698266
434,kibala,9.1104,18.3463,38.97000000000003,3,0,4.12,TD,1675698266
435,antofagasta,-23.65,-70.4,25.03000000000003,68,8,3.81,CL,1675698099
436,matagami,49.7502,-77.6328,-21.93999999999997,84,100,2.57,CA,1675698267
437,san jose,37.3394,-121.895,7.939999999999998,88,20,1.54,US,1675698113
438,baracoa,20.3467,-74.4958,28.420000000000016,61,0,2.19,CU,1675698267
439,college,64.8569,-147.8028,-19.00999999999999,88,75,2.57,US,1675698268
440,adrar,20.5022,-10.0711,24.640000000000043,14,77,2.25,MR,1675698268
441,arys,42.4252,68.795,2.3100000000000023,75,100,1.85,KZ,1675698268
442,sandnessjoen,66.0217,12.6316,7.03000000000003,98,75,12.86,NO,1675698144
443,adelaide,-34.9333,138.6,19.49000000000001,68,0,6.17,AU,1675698007
444,juchitlan,20.0833,-104.1167,21.83000000000004,37,4,0.69,MX,1675698269
445,vardo,70.3705,31.1107,-1.009999999999991,86,0,12.86,NO,1675698269
446,mogadishu,2.0371,45.3438,26.930000000000007,83,20,8.75,SO,1675698269
447,fuengirola,36.54,-4.6247,15.470000000000027,67,20,4.12,ES,1675698270
448,aksha,50.2814,113.2867,-18.769999999999982,96,37,2.13,RU,1675698270
449,uthal,25.8072,66.6219,22.439999999999998,46,0,1.83,PK,1675698270
450,hare bay,48.8499,-54.0148,-2.2199999999999704,92,100,2.29,CA,1675698271
451,inhambane,-23.865,35.3833,23.99000000000001,94,75,3.6,MZ,1675698271
452,porto empedocle,37.2934,13.5264,6.840000000000032,57,76,2.44,IT,1675698271
453,dwarka,22.2394,68.9678,21.55000000000001,84,3,4.57,IN,1675698272
454,neiafu,-18.65,-173.9833,26.379999999999995,89,40,3.6,TO,1675698272
455,beringovskiy,63.05,179.3167,-29.96999999999997,96,82,4.02,RU,1675698272
456,mana,5.6592,-53.7767,26.510000000000048,80,55,4.94,GF,1675698273
457,kayunga,0.7025,32.8886,25.610000000000014,44,85,1.63,UG,1675698273
458,wamba,8.9333,8.6,37.64000000000004,7,57,4.39,NG,1675698273
459,yershov,51.3513,48.2766,-14.829999999999984,95,73,3.14,RU,1675698273
460,coquimbo,-29.9533,-71.3436,20.939999999999998,74,28,3.03,CL,1675698274
461,krasnyy chikoy,50.3643,108.7512,-22.279999999999973,100,44,0.97,RU,1675698274
462,lakes entrance,-37.8811,147.981,14.53000000000003,93,25,3.43,AU,1675698275
463,keelung,25.1283,121.7419,18.30000000000001,91,100,2.39,TW,1675698275
464,riyadh,24.6877,46.7219,27.08000000000004,35,15,4.16,SA,1675698234
465,fleurus,50.4843,4.5518,6.740000000000009,77,20,5.14,BE,1675698275
466,guaratingueta,-22.8164,-45.1925,32.0,55,40,2.57,BR,1675698058
467,camargo,27.6667,-105.1667,18.200000000000045,20,62,3.42,MX,1675698276
468,vestmannaeyjar,63.4427,-20.2734,2.5500000000000114,80,75,8.75,IS,1675698276
469,maryville,35.7565,-83.9705,12.590000000000032,64,0,2.68,US,1675698277
470,galle,6.0367,80.217,25.350000000000023,83,100,0.38,LK,1675698277
471,tateyama,34.9833,139.8667,8.390000000000043,53,100,2.86,JP,1675698278
472,te anau,-45.4167,167.7167,12.78000000000003,90,100,3.52,NZ,1675698278
473,agirish,61.9247,63.0231,-24.18999999999997,100,67,1.6,RU,1675698278
474,itamarandiba,-17.8572,-42.8589,30.32000000000005,45,15,1.05,BR,1675698279
475,sao filipe,14.8961,-24.4956,21.060000000000002,59,43,7.06,CV,1675698279
476,ouesso,1.6136,16.0517,32.920000000000016,27,83,0.97,CG,1675698280
477,port blair,11.6667,92.75,27.02000000000004,83,40,0.0,IN,1675698280
478,tripoli,32.8752,13.1875,12.939999999999998,52,83,3.31,LY,1675698280
479,anqing,30.5092,117.0506,9.340000000000032,93,100,1.97,CN,1675698281
480,nipawin,53.3668,-104.0009,1.0200000000000387,75,100,7.72,CA,1675698281
481,dedza,-14.3779,34.3332,16.670000000000016,94,99,0.84,MW,1675698281
482,ust-tarka,55.5672,75.705,-12.649999999999977,97,100,1.2,RU,1675698282
483,lundazi,-12.2929,33.1782,20.55000000000001,86,94,1.07,ZM,1675698282
484,general roca,-39.0333,-67.5833,29.79000000000002,31,1,4.05,AR,1675698282
485,mnogovershinnyy,53.9353,139.9242,-27.329999999999984,96,37,1.5,RU,1675698283
486,russkaya polyana,49.417,31.9201,-3.319999999999993,82,100,5.39,UA,1675698283
487,riberalta,-10.9833,-66.1,26.110000000000014,83,75,2.06,BO,1675698283
488,puerto guzman,0.9703,-76.5858,28.950000000000045,61,88,1.77,CO,1675698284
489,manyana,-23.4,21.7167,31.160000000000025,30,100,3.82,BW,1675698284
490,carberry,49.8689,-99.3602,-9.870000000000005,93,100,4.73,CA,1675698284
491,saint-pierre,-21.3393,55.4781,27.82000000000005,69,40,5.66,RE,1675698285
492,mehran,33.1222,46.1646,16.220000000000027,40,47,11.95,IR,1675698285
493,nara,34.6851,135.8049,7.5,48,100,1.32,JP,1675698285
494,berlin,52.5244,13.4105,1.1200000000000045,86,0,3.13,DE,1675697825
495,natal,-5.795,-35.2094,31.360000000000014,58,40,7.72,BR,1675698286
496,nalut,30.3333,10.85,15.300000000000011,37,97,3.13,LY,1675698286
497,enumclaw,47.2043,-121.9915,6.03000000000003,90,100,0.45,US,1675698286
498,leh,34.1667,77.5833,-12.769999999999982,88,66,1.41,IN,1675698287
499,santa fe,-31.6333,-60.7,35.160000000000025,28,9,3.13,AR,1675697772
500,bud,39.447,-86.1758,2.25,60,87,3.08,US,1675698287
501,savalou,7.9281,1.9756,37.57000000000005,20,98,2.49,BJ,1675698287
502,north bend,43.4065,-124.2243,5.480000000000018,93,100,3.6,US,1675698099
503,stolac,43.0844,17.9575,1.8799999999999955,52,69,5.18,BA,1675698288
504,katobu,-4.9408,122.5276,24.55000000000001,84,100,0.89,ID,1675698288
505,tres picos,15.8667,-93.5333,28.439999999999998,44,2,1.71,MX,1675698288
506,yaan,7.3833,8.5667,37.960000000000036,9,65,2.3,NG,1675698289
507,dhadar,28.3305,75.0632,21.30000000000001,30,0,4.28,IN,1675698289
508,vao,-22.6667,167.4833,25.879999999999995,73,44,6.55,NC,1675698289
509,bilma,18.6853,12.9164,26.08000000000004,9,90,5.7,NE,1675698290
510,manacapuru,-3.2997,-60.6206,27.03000000000003,81,69,1.72,BR,1675698096
511,khovu-aksy,51.1333,93.6,-20.869999999999976,96,55,2.0,RU,1675698290
512,mantua,45.1667,10.7833,6.160000000000025,73,91,3.13,IT,1675698290
513,konevo,62.1215,39.3192,-10.509999999999991,96,100,2.46,RU,1675698291
514,saint-augustin,51.226,-58.6502,-14.699999999999989,69,100,3.86,CA,1675698291
515,nekhayevskiy,50.4106,41.7561,-11.849999999999966,97,79,3.05,RU,1675698291
516,fortuna,40.5982,-124.1573,3.5300000000000296,100,75,3.09,US,1675698292
517,teya,60.3778,92.6267,-22.019999999999982,100,99,1.21,RU,1675698292
518,kjollefjord,70.9457,27.3465,1.900000000000034,87,40,13.89,NO,1675698292
519,boone,39.0334,-92.3335,11.0,60,100,0.89,US,1675698293
520,san fernando,15.0286,120.6898,28.850000000000023,85,42,2.37,PH,1675698292
521,namatanai,-3.6667,152.4333,25.910000000000025,84,100,2.31,PG,1675698293
522,wundanyi,-3.4019,38.364,23.100000000000023,40,88,3.87,KE,1675698293
523,pemba,-12.974,40.5178,28.390000000000043,78,75,5.36,MZ,1675698294
524,olinda,-8.0089,-34.8553,23.850000000000023,88,75,2.06,BR,1675698069
525,mandalgovi,45.7625,106.2708,-12.729999999999961,84,100,3.52,MN,1675698294
526,jining,35.405,116.5814,6.3799999999999955,60,42,2.09,CN,1675698294
527,chiredzi,-21.05,31.6667,33.99000000000001,36,0,3.09,ZW,1675698295
528,chernyshevskiy,63.0128,112.4714,-36.44999999999999,99,98,0.15,RU,1675698295
529,cabedelo,-6.9811,-34.8339,25.370000000000005,73,63,6.55,BR,1675698119
530,margate,51.3813,1.3862,9.270000000000039,67,10,0.89,GB,1675698295
531,seoul,37.5683,126.9778,-1.3100000000000023,90,0,1.54,KR,1675698151
532,kimberley,-28.7323,24.7623,30.83000000000004,42,0,1.54,ZA,1675698152
533,manakara,-22.1333,48.0167,23.140000000000043,94,100,2.89,MG,1675698296
534,carora,10.1755,-70.0827,32.85000000000002,31,36,6.7,VE,1675698296
535,shimoda,34.6667,138.95,7.28000000000003,53,100,1.68,JP,1675698296
536,camana,-16.6228,-72.7111,25.83000000000004,75,93,3.34,PE,1675698297
537,mendoza,-32.8908,-68.8272,32.74000000000001,35,20,4.63,AR,1675698297
538,sabha,27.0377,14.4283,16.120000000000005,38,49,3.34,LY,1675698298
539,visnes,59.3556,5.2242,7.340000000000032,93,75,5.14,NO,1675698298
540,mount vernon,40.9126,-73.8371,10.200000000000045,53,40,4.63,US,1675697858
541,sambava,-14.2667,50.1667,25.230000000000018,88,100,2.63,MG,1675698298
542,chapais,49.7834,-74.8492,-22.119999999999976,86,60,1.06,CA,1675698299
543,baley,51.6,116.6333,-25.69999999999999,99,53,2.0,RU,1675698299
544,fukuma,33.7667,130.4667,7.3799999999999955,91,100,2.58,JP,1675698299
545,copiapo,-27.3667,-70.3333,28.400000000000034,39,0,3.61,CL,1675698299
